<component name="ProjectRunConfigurationManager">
  <configuration default="false" name="build cadena-db" type="MavenRunConfiguration" factoryName="Maven" folderName="cadenas builds">
    <MavenSettings>
      <option name="myGeneralSettings" />
      <option name="myRunnerSettings" />
      <option name="myRunnerParameters">
        <MavenRunnerParameters>
          <option name="profiles">
            <set />
          </option>
          <option name="goals">
            <list>
              <option value="clean" />
              <option value="install" />
              <option value="-Denv=cadena_db_profile_env" />
            </list>
          </option>
          <option name="pomFileName" />
          <option name="profilesMap">
            <map />
          </option>
          <option name="resolveToWorkspace" value="true" />
          <option name="workingDirPath" value="$PROJECT_DIR$/project/workspace/cadenas/cadenas_db" />
        </MavenRunnerParameters>
      </option>
    </MavenSettings>
    <method v="2" />
  </configuration>
</component>