<component name="ProjectRunConfigurationManager">
  <configuration default="false" name="install indec-service" type="MavenRunConfiguration" factoryName="Maven" folderName="indec builds">
    <MavenSettings>
      <option name="myGeneralSettings">
        <MavenGeneralSettings>
          <option name="alwaysUpdateSnapshots" value="true" />
          <option name="checksumPolicy" value="NOT_SET" />
          <option name="failureBehavior" value="NOT_SET" />
          <option name="localRepository" value="" />
          <option name="mavenHome" value="Bundled (Maven 3)" />
          <option name="nonRecursive" value="true" />
          <option name="outputLevel" value="INFO" />
          <option name="pluginUpdatePolicy" value="DEFAULT" />
          <option name="printErrorStackTraces" value="false" />
          <option name="threads" />
          <option name="usePluginRegistry" value="false" />
          <option name="userSettingsFile" value="" />
          <option name="workOffline" value="false" />
        </MavenGeneralSettings>
      </option>
      <option name="myRunnerSettings" />
      <option name="myRunnerParameters">
        <MavenRunnerParameters>
          <option name="profiles">
            <set />
          </option>
          <option name="goals">
            <list>
              <option value="clean" />
              <option value="install" />
              <option value="-U" />
            </list>
          </option>
          <option name="pomFileName" />
          <option name="profilesMap">
            <map />
          </option>
          <option name="resolveToWorkspace" value="true" />
          <option name="workingDirPath" value="$PROJECT_DIR$/project/workspace/indec_service/indec_service_rest" />
        </MavenRunnerParameters>
      </option>
    </MavenSettings>
    <method v="2" />
  </configuration>
</component>