<component name="ProjectRunConfigurationManager">
  <configuration default="false" name="run cxf_one" type="MavenRunConfiguration" factoryName="Maven" folderName="cadenas run">
    <MavenSettings>
      <option name="myGeneralSettings" />
      <option name="myRunnerSettings" />
      <option name="myRunnerParameters">
        <MavenRunnerParameters>
          <option name="profiles">
            <set />
          </option>
          <option name="goals">
            <list>
              <option value="clean" />
              <option value="compile" />
              <option value="-Denv=cadena_cxf_one_env" />
              <option value="tomcat7:run" />
            </list>
          </option>
          <option name="pomFileName" />
          <option name="profilesMap">
            <map />
          </option>
          <option name="resolveToWorkspace" value="true" />
          <option name="workingDirPath" value="$PROJECT_DIR$/project/workspace/cadenas/cadenas_cxf/cadena_cxf_one" />
        </MavenRunnerParameters>
      </option>
    </MavenSettings>
    <method v="2" />
  </configuration>
</component>